,tavg,tmin,tmax,prcp,wdir,wspd,pres
tavg,1.0,0.669909061098444,0.8780864735894217,-0.04195200685244938,0.19360829308213381,-0.15786428257137328,-0.4075900613757788
tmin,0.669909061098444,1.0,0.3758224316507889,0.13043222110247474,0.5406497986481902,0.12569389496384561,-0.7049159295662861
tmax,0.8780864735894217,0.3758224316507889,1.0,-0.0731997839764823,0.009707061242809881,-0.2523171485451609,-0.16941747871036877
prcp,-0.04195200685244938,0.13043222110247474,-0.0731997839764823,1.0,0.18493600377210578,-0.12090374202739332,-0.13735825885499492
wdir,0.19360829308213381,0.5406497986481902,0.009707061242809881,0.18493600377210578,1.0,0.3624195361956714,-0.6457132741465801
wspd,-0.15786428257137328,0.12569389496384561,-0.2523171485451609,-0.12090374202739332,0.3624195361956714,1.0,-0.288331506342463
pres,-0.4075900613757788,-0.7049159295662861,-0.16941747871036877,-0.13735825885499492,-0.6457132741465801,-0.288331506342463,1.0
